"Rank","ASIN","Title","Image URL","Product URL","Stars","Reviews","Price","Is Best Seller","Bought In Last Month","Category Name"
"1","B00O869QUC","Amazon Basics AAA 1.5 Volt Performance Alkaline Batteries - Pack of 8 (Appearance may vary)","https://m.media-amazon.com/images/I/61E+Sz0OooL._AC_UL320_.jpg","https://www.amazon.co.uk/dp/B00O869QUC","4.6",1356658,"5.19","",0,"Household Batteries, Chargers & Accessories"
"2","B00O869KJE","Amazon Basics AA 1.5 Volt Performance Alkaline Batteries - Pack of 8 (Appearance may vary)","https://m.media-amazon.com/images/I/81ETkGuY9UL._AC_UL320_.jpg","https://www.amazon.co.uk/dp/B00O869KJE","4.6",1356658,"6.12","",0,"Household Batteries, Chargers & Accessories"
"3","B07KX2N355","Amazon Basics AAA Alkaline Batteries, High-Performance (Triple A), 10-Year Shelf Life, 12-Pack","https://m.media-amazon.com/images/I/71xTQG45vgL._AC_UL320_.jpg","https://www.amazon.co.uk/dp/B07KX2N355","4.6",1356658,"6.75","",0,"Household Batteries, Chargers & Accessories"
"4","B07KWYGTC6","Amazon Basics AA Performance Alkaline Batteries (12-Pack) - Packaging May Vary","https://m.media-amazon.com/images/I/61BX+R1fSFL._AC_UL320_.jpg","https://www.amazon.co.uk/dp/B07KWYGTC6","4.6",1356658,"6.92","",0,"Household Batteries, Chargers & Accessories"
"5","B094D5Y9WS","Amazon Basics 10-Pack AA High-Performance Alkaline Batteries, 10-Year Shelf Life","https://m.media-amazon.com/images/I/81mZ0IvedxL._AC_UL320_.jpg","https://www.amazon.co.uk/dp/B094D5Y9WS","4.6",1356658,"7.41","",0,"Household Batteries, Chargers & Accessories"
"6","B00NTCHCU2","Amazon Basics AAA 1.5 Volt Performance Alkaline Batteries - 20 Pack (Appearance may vary)","https://m.media-amazon.com/images/I/71a+E3+Bc2L._AC_UL320_.jpg","https://www.amazon.co.uk/dp/B00NTCHCU2","4.6",1356658,"9.35","",0,"Household Batteries, Chargers & Accessories"
"7","B00NTCH52W","Amazon Basics AA 1.5 Volt Performance Alkaline Batteries - Pack of 20 (Appearance may vary)","https://m.media-amazon.com/images/I/81ruqa5pXML._AC_UL320_.jpg","https://www.amazon.co.uk/dp/B00NTCH52W","4.6",1356658,"9.5","",0,"Household Batteries, Chargers & Accessories"
"8","B00LH3DMUO","Amazon Basics AAA 1.5 Volt Performance Alkaline Batteries - Pack of 36 (Appearance may vary)","https://m.media-amazon.com/images/I/81F7OfBTCvL._AC_UL320_.jpg","https://www.amazon.co.uk/dp/B00LH3DMUO","4.6",1356658,"15.81","",0,"Household Batteries, Chargers & Accessories"
"9","B00MNV8E0C","Amazon Basics AA 1.5 Volt Performance Alkaline Batteries - Pack of 48 (Appearance may vary)","https://m.media-amazon.com/images/I/81uBzbSP1+L._AC_UL320_.jpg","https://www.amazon.co.uk/dp/B00MNV8E0C","4.6",1356658,"16.63","",0,"Household Batteries, Chargers & Accessories"
"10","B01B8R6V2E","Amazon Basics AAA 1.5 Volt Performance Alkaline Batteries - Pack of 100 (Appearance may vary)","https://m.media-amazon.com/images/I/717mL-RxADL._AC_UL320_.jpg","https://www.amazon.co.uk/dp/B01B8R6V2E","4.6",1356658,"25.92","",0,"Household Batteries, Chargers & Accessories"
"11","B01B8R6PF2","Amazon Basics AA 1.5 Volt Performance Alkaline Batteries - Pack of 100 (Appearance may vary)","https://m.media-amazon.com/images/I/817yPxPd99L._AC_UL320_.jpg","https://www.amazon.co.uk/dp/B01B8R6PF2","4.6",1352534,"28.18","",0,"Health & Personal Care"
"12","B073JYVKNX","SanDisk Ultra 64 GB microSDXC Memory Card + SD Adapter with A1 App Performance Up to 100 MB/s, Class 10, U1","https://m.media-amazon.com/images/I/7180ZAZmERL._AC_UL320_.jpg","https://www.amazon.co.uk/dp/B073JYVKNX","4.7",874007,"8.95","",0,"Camera & Photo Accessories"
"13","B073K14CVB","SanDisk Ultra 16 GB microSDHC Memory Card + SD Adapter with A1 App Performance Up to 98 MB/s, Class 10, U1 , Red","https://m.media-amazon.com/images/I/81dVtLN-c1L._AC_UL320_.jpg","https://www.amazon.co.uk/dp/B073K14CVB","4.7",874007,"9.19","",0,"Camera & Photo Accessories"
"14","B073JWXGNT","SanDisk Ultra 32 GB microSDHC Memory Card + SD Adapter with A1 App Performance Up to 98 MB/s, Class 10, U1","https://m.media-amazon.com/images/I/61wtfkbzUIL._AC_UL320_.jpg","https://www.amazon.co.uk/dp/B073JWXGNT","4.7",874007,"9.99","",0,"Camera & Photo Accessories"
"15","B073JYC4XM","SanDisk Ultra 128 GB microSDXC Memory Card + SD Adapter with A1 App Performance Up to 100 MB/s, Class 10, U1","https://m.media-amazon.com/images/I/617NtexaW2L._AC_UL320_.jpg","https://www.amazon.co.uk/dp/B073JYC4XM","4.7",874007,"12.9","",0,"Camera & Photo Accessories"
"16","B0758NHWS8","SanDisk Ultra 256 GB microSDXC Memory Card + SD Adapter with A1 App Performance Up to 100 MB/s, Class 10, U1","https://m.media-amazon.com/images/I/71Oi92CyW2L._AC_UL320_.jpg","https://www.amazon.co.uk/dp/B0758NHWS8","4.7",874007,"25.9","",0,"Camera & Photo Accessories"
"17","B074RNRM2B","SanDisk Ultra 400 GB microSDXC Memory Card + SD Adapter with A1 App Performance Up to 100 MB/s, Class 10, U1, Red","https://m.media-amazon.com/images/I/81MZ2WBTrkL._AC_UL320_.jpg","https://www.amazon.co.uk/dp/B074RNRM2B","4.7",874007,"37.99","",0,"Camera & Photo Accessories"
"18","B089DPCJS1","SanDisk Cruzer Dial USB Flash Drive 16GB USB 2.0 - Triple Pack","https://m.media-amazon.com/images/I/817IttnC4lL._AC_UL320_.jpg","https://www.amazon.co.uk/dp/B089DPCJS1","4.7",873833,"27.99","",0,"Data Storage"
"19","B07SC7BZHR","SanDisk Ultra 512 GB microSDXC Memory Card + SD Adapter with A1 App Performance Up to 100 MB/s, Class 10, U1, Red/Grey","https://m.media-amazon.com/images/I/51JG2g-i3lL._AC_UL320_.jpg","https://www.amazon.co.uk/dp/B07SC7BZHR","4.7",873832,"57.35","",0,"Data Storage"
"20","B07PJV3JPR","Echo Dot (3rd Gen) - Compact Bluetooth Speaker with Alexa - Charcoal Fabric","https://m.media-amazon.com/images/I/61u48FEs0rL._AC_UY218_.jpg","https://www.amazon.co.uk/dp/B07PJV3JPR","4.7",547940,"39.99","",0,"Smart Speakers"
"21","B014I8SIJY","Amazon Basics High-Speed, 4K Ultra HD HDMI 2.0 Cable/ Cord, 60 Hz, 2160p, 48 bit, 18 Gbps, 3D, Male to Male, 0.9 m, (2.9ft), Black","https://m.media-amazon.com/images/I/61lip+B3sEL._AC_UL320_.jpg","https://www.amazon.co.uk/dp/B014I8SIJY","4.6",503952,"5.84","",0,"Cables & Accessories"
"22","B014I8SSD0","Amazon Basics High-Speed HDMI Cable For Television, A Male to A Male, 18 Gbps, 4K/60Hz, 1.8m, Black","https://m.media-amazon.com/images/I/61LN0JZGvsL._AC_UL320_.jpg","https://www.amazon.co.uk/dp/B014I8SSD0","4.6",503952,"6.38",1,0,"Cables & Accessories"
"23","B014I8T0YQ","Amazon Basics High-Speed, Ultra HD HDMI 2.0 Cable, Supports 3D Formats and with Audio Return Channel, 3 m, Black","https://m.media-amazon.com/images/I/61AyHXnwEXL._AC_UL320_.jpg","https://www.amazon.co.uk/dp/B014I8T0YQ","4.6",503952,"7.27","",0,"Cables & Accessories"
"24","B014I8SX4Y","Amazon Basics High-Speed, Ultra HD HDMI 2.0 Cables, Supports 3D Formats & With Audio Return Channel, 1.8 m, 2-Pack, Black","https://m.media-amazon.com/images/I/61ntykhzGVL._AC_UL320_.jpg","https://www.amazon.co.uk/dp/B014I8SX4Y","4.6",503952,"11.61","",0,"Cables & Accessories"
"25","B014I8TC4E","Amazon Basics High-Speed HDMI 2.0 Cable, Supports 3D Formats & With Audio Return Channel, 7.6 m, Black","https://m.media-amazon.com/images/I/71WPq79NUFL._AC_UL320_.jpg","https://www.amazon.co.uk/dp/B014I8TC4E","4.6",503952,"12.45","",0,"Cables & Accessories"
"26","B014I8SP4W","Amazon Basics High-Speed, Ultra HD HDMI 2.0 Cables, Supports 3D Formats & With Audio Return Channel, 0.9 m, 2-Pack, Black","https://m.media-amazon.com/images/I/61ntykhzGVL._AC_UL320_.jpg","https://www.amazon.co.uk/dp/B014I8SP4W","4.6",503952,"13.44","",0,"Cables & Accessories"
"27","B014I8T4MO","Amazon Basics High-Speed, Ultra HD HDMI 2.0 Cables, Supports 3D Formats & With Audio Return Channel, 3 m, 2-Pack, Black","https://m.media-amazon.com/images/I/61mx3v48nKL._AC_UL320_.jpg","https://www.amazon.co.uk/dp/B014I8T4MO","4.6",503952,"14.67","",0,"Cables & Accessories"
"28","B01H7M6YKI","Amazon Basics High-Speed 4K, Ultra HD, HDMI Cable - 6 Feet (3-Pack) (Latest Standard), Black","https://m.media-amazon.com/images/I/61YXaygNucL._AC_UL320_.jpg","https://www.amazon.co.uk/dp/B01H7M6YKI","4.6",503952,"17.42","",0,"Cables & Accessories"
"29","B01D5H93FW","Amazon Basics High-Speed 4K, Ultra HD, HDMI Cable, 3 Feet, 3-Pack, Black (Latest Standard)","https://m.media-amazon.com/images/I/61rhmR0R00L._AC_UL320_.jpg","https://www.amazon.co.uk/dp/B01D5H93FW","4.6",503952,"20.17","",0,"Cables & Accessories"
"30","B01H7M782G","Amazon Basics High-Speed 4K, Ultra HD, HDMI Cable, 10 Feet, 3-Pack, Black, (Latest Standard)","https://m.media-amazon.com/images/I/61lip+B3sEL._AC_UL320_.jpg","https://www.amazon.co.uk/dp/B01H7M782G","4.6",503952,"25.89","",0,"Cables & Accessories"
"31","B014I8TFR8","Amazon Basics High-Speed HDMI 2.0 Cables, Supports 3D Formats and with Audio Return Channel, 0.9 m and 4.6 m (2-Pack)","https://m.media-amazon.com/images/I/81vneNeyqXL._AC_UL320_.jpg","https://www.amazon.co.uk/dp/B014I8TFR8","4.6",503951,"10.08","",0,"Cables & Accessories"
"32","B0BSGCRVKR","Unisex's Classic Clogs (Best Sellers)","https://m.media-amazon.com/images/I/814xp34gtcL._AC_UL320_.jpg","https://www.amazon.co.uk/dp/B0BSGCRVKR","4.7",479359,"41.95",1,0,"Women"
"33","B0014C5S7S","Unisex's Classic Clogs (Best Sellers)","https://m.media-amazon.com/images/I/81Vekenn4lL._AC_UL320_.jpg","https://www.amazon.co.uk/dp/B0014C5S7S","4.7",479337,"29.99",1,1000,"Men"
"34","B0BSGKQPN8","Unisex's Classic Clogs","https://m.media-amazon.com/images/I/814xp34gtcL._AC_UL320_.jpg","https://www.amazon.co.uk/dp/B0BSGKQPN8","4.7",477914,"40.0","",0,"Boys"
"35","B0014C5RNI","Unisex's Classic Clogs","https://m.media-amazon.com/images/I/71ySY7EyTzL._AC_UL320_.jpg","https://www.amazon.co.uk/dp/B0014C5RNI","4.7",474942,"38.24","",0,"Customers' Most Loved"
"36","B07FCMKK5X","SanDisk Extreme 128 GB microSDXC Memory Card + SD Adapter with A2 App Performance + Rescue Pro Deluxe, Up to 160 MB/s, Class 10, UHS-I, U3, V30 , Red/Gold","https://m.media-amazon.com/images/I/815cRpgAN3L._AC_UL320_.jpg","https://www.amazon.co.uk/dp/B07FCMKK5X","4.7",369839,"14.25","",0,"Camera & Photo Accessories"
"37","B07FCMBLV6","SanDisk Extreme 64 GB microSDXC Memory Card + SD Adapter with A2 App Performance + Rescue Pro Deluxe, Up to 160 MB/s, Class 10, UHS-I, U3, V30, Red/Gold","https://m.media-amazon.com/images/I/819TlwWzDvL._AC_UL320_.jpg","https://www.amazon.co.uk/dp/B07FCMBLV6","4.7",369839,"15.99","",0,"Camera & Photo Accessories"
"38","B07FCR3316","SanDisk Extreme 256 GB microSDXC Memory Card + SD Adapter with A2 App Performance + Rescue Pro Deluxe, Up to 160 MB/s, Class 10, UHS-I, U3, V30, Red/Gold","https://m.media-amazon.com/images/I/61QTHvvAJ5L._AC_UL320_.jpg","https://www.amazon.co.uk/dp/B07FCR3316","4.7",369839,"23.65","",0,"Camera & Photo Accessories"
"39","B07P7M6K35","SanDisk Extreme 512GB microSDXC Memory Card + SD Adapter with A2 App Performance + Rescue Pro Deluxe, up to 160MB/s, Class 10, UHS-I, U3, V30","https://m.media-amazon.com/images/I/61QkS94bG0L._AC_UL320_.jpg","https://www.amazon.co.uk/dp/B07P7M6K35","4.7",369839,"55.75","",0,"Camera & Photo Accessories"
"40","B07P9W5HJV","SanDisk Extreme 1 TB microSDXC Memory Card + SD Adapter with A2 App Performance + Rescue Pro Deluxe, Up to 160 MB/s, Class 10, UHS-I, U3, V30","https://m.media-amazon.com/images/I/61lLJ85GYXL._AC_UL320_.jpg","https://www.amazon.co.uk/dp/B07P9W5HJV","4.7",369839,"105.0","",0,"Camera & Photo Accessories"
"41","B06XWMQ81P","SanDisk Extreme 32 GB microSDHC Memory Card + SD Adapter with A1 App Performance + Rescue Pro Deluxe, Up to 100 MB/s, Class 10, UHS-I, U3, V30, Red/Gold","https://m.media-amazon.com/images/I/61n4Tv1EerL._AC_UL320_.jpg","https://www.amazon.co.uk/dp/B06XWMQ81P","4.7",369838,"8.49","",0,"Mobile Phones & Communication"
"42","B08ZJMJWFW","SanDisk Ultra 64GB microSDHC UHS-I card, with Adapter (2-Pack)","https://m.media-amazon.com/images/I/81Fz0GDyHWL._AC_UL320_.jpg","https://www.amazon.co.uk/dp/B08ZJMJWFW","4.7",359448,"15.99","",0,"Mobile Phones & Communication"
"43","B08GY9NYRM","SanDisk Ultra 32 GB microSDHC Memory Card + SD Adapter with A1 App Performance Up to 120 MB/s, Class 10, U1, SDSQUA4-032G-GN6MA , Red/Grey","https://m.media-amazon.com/images/I/513CtcwC0kL._AC_UL320_.jpg","https://www.amazon.co.uk/dp/B08GY9NYRM","4.7",359447,"6.99","",0,"Camera & Photo Accessories"
"44","B08J4HJ98L","SanDisk Ultra 32 GB microSDHC Memory Card + SD Adapter with A1 App Performance Up to 120 MB/s, Class 10, U1 (Twin Pack)","https://m.media-amazon.com/images/I/61sE6df4IgS._AC_UL320_.jpg","https://www.amazon.co.uk/dp/B08J4HJ98L","4.7",359447,"9.99","",0,"Camera & Photo Accessories"
"45","B08GYKNCCP","SanDisk Ultra microSDXC UHS-I memory card 128 GB + adapter (A1, Class 10, U1, Full HD videos, up to 120 MB/s read speed)|| Speed-Mbps/10x","https://m.media-amazon.com/images/I/61jhzv9AQRL._AC_UL320_.jpg","https://www.amazon.co.uk/dp/B08GYKNCCP","4.7",359447,"11.3","",0,"Camera & Photo Accessories"
"46","B08GY8NHF2","SanDisk Ultra microSDXC UHS-I memory card 256 GB+adapter (for Android smartphones and tablets and MIL cameras, A1, C10, U1, 120 MB/s transfer)","https://m.media-amazon.com/images/I/51G0OYpkCYL._AC_UL320_.jpg","https://www.amazon.co.uk/dp/B08GY8NHF2","4.7",359447,"17.4","",0,"Camera & Photo Accessories"
"47","B08ZJMPY2T","SanDisk 128GB Ultra microSDXC cards (2-pack) + SD adapter up to 120 MB/s with A1 App Performance UHS-I Class 10 U1 (Pack of 2)","https://m.media-amazon.com/images/I/51h4FuIul3L._AC_UL320_.jpg","https://www.amazon.co.uk/dp/B08ZJMPY2T","4.7",359447,"24.99","",0,"Camera & Photo Accessories"
"48","B08GXXKY6P","SanDisk Ultra 512GB microSDXC Memory Card + SD Adapter with A1 App Performance Up to 120 MB/s, Class 10, U1","https://m.media-amazon.com/images/I/51jD-iXnkuL._AC_UL320_.jpg","https://www.amazon.co.uk/dp/B08GXXKY6P","4.7",359447,"43.4","",0,"Camera & Photo Accessories"
"49","B08GYG5SVQ","SanDisk Ultra 400GB microSDXC Memory Card + SD Adapter with A1 App Performance Up to 120 MB/s, Class 10, U1, Red/Grey","https://m.media-amazon.com/images/I/81ZJNPHvCvL._AC_UL320_.jpg","https://www.amazon.co.uk/dp/B08GYG5SVQ","4.7",359447,"44.17","",0,"Camera & Photo Accessories"
"50","B08HCPTMJG","SanDisk Ultra 1TB microSDXC Memory Card + SD Adapter with A1 App Performance Up to 120 MB/s, Class 10, U1","https://m.media-amazon.com/images/I/6106A81+7RL._AC_UL320_.jpg","https://www.amazon.co.uk/dp/B08HCPTMJG","4.7",359447,"84.97","",0,"Camera & Photo Accessories"
